{"cameraMode":{"drawMode":0,"name":"Shaded","section":"Shading Mode"},"sceneLighting":false,"audioPlay":false,"sceneViewState":{"m_AlwaysRefresh":false,"showFog":true,"showSkybox":false,"showFlares":true,"showImageEffects":true,"showParticleSystems":true,"showVisualEffectGraphs":true,"m_FxEnabled":true},"in2DMode":false,"pivot":{"x":0.23654215037822724,"y":-0.11109873652458191,"z":-0.11193263530731201},"rotation":{"x":-0.0033543813042342664,"y":0.9533183574676514,"z":-0.30181413888931277,"w":-0.01058044470846653},"size":0.48127448558807375,"orthographic":false}