{"cameraMode":{"drawMode":0,"name":"Shaded","section":"Shading Mode"},"sceneLighting":true,"audioPlay":false,"sceneViewState":{"m_AlwaysRefresh":false,"showFog":true,"showSkybox":true,"showFlares":true,"showImageEffects":true,"showParticleSystems":true,"showVisualEffectGraphs":true,"m_FxEnabled":true},"in2DMode":false,"pivot":{"x":0.8334681987762451,"y":0.10295389592647553,"z":-0.8208756446838379},"rotation":{"x":0.11004209518432617,"y":0.4533318877220154,"z":-0.05633227527141571,"w":0.8829983472824097},"size":0.3555341362953186,"orthographic":false}